category_id,category,gene_or_gene_group,experimental_system,proposed_or_demonstrated_mechanism,evidence_and_limitations,reference_authors_year,reference_title,journal_volume_pages,doi
1,Functional evidence in graft-union formation,NbGH9B3; Arabidopsis GH9B3,Nicotiana benthamiana interfamilial grafts; Arabidopsis grafting,"Secreted beta-1,4-glucanase remodels interface cell walls and facilitates adhesion.",Silencing/knockout impair graft establishment; overexpression promotes grafting.,Notaguchi et al. (2020),"Cell-cell adhesion in plant grafting is facilitated by beta-1,4-glucanases",Science 369:698-702,10.1126/science.abc3710
1,Functional evidence in graft-union formation,SlWOX4 (Solyc04g078650),Tomato self-grafts; tomato/pepper heterografts,Homeobox regulator of cambial activity and xylem reconnection.,Mutant self-grafts lack normal xylem bridges; not established as sole compatibility determinant.,Thomas et al. (2022),Gene regulatory networks for compatible versus incompatible grafts identify a role for SlWOX4 during junction formation,The Plant Cell 34:535-556,10.1093/plcell/koab246
1,Functional evidence in graft-union formation,WOX13,Arabidopsis petiole self-grafts,"Promotes callus growth, expansion and adhesion; regulates WIND2/3 and wall-modifying genes.",Loss-of-function disrupts physical adhesion; complementation restores it.,Ikeuchi et al. (2022),Wound-inducible WUSCHEL-RELATED HOMEOBOX 13 is required for callus growth and organ reconnection,Plant Physiology 188:425-441,10.1093/plphys/kiab510
1,Functional evidence in graft-union formation,HCA2; TMO6; DOF2.1; DOF6,Arabidopsis grafting and wound healing,Redundant DOF module links cell-wall damage and auxin responses to tissue regeneration.,Quadruple mutant impairs attachment and regeneration; individual overexpression accelerates phloem reconnection.,Zhang et al. (2022),Cell-wall damage activates DOF transcription factors to promote wound healing and tissue regeneration in Arabidopsis thaliana,Current Biology 32:1883-1894.e7,10.1016/j.cub.2022.02.069
1,Functional evidence in graft-union formation,ALF4,Arabidopsis hypocotyl grafts,Supports local auxin responsiveness and phloem reconnection below the junction.,Reciprocal grafts demonstrate strong rootstock requirement; full biochemical mechanism not resolved in graft study.,Melnyk et al. (2015),A developmental framework for graft formation and vascular reconnection in Arabidopsis thaliana,Current Biology 25:1306-1318,
1,Functional evidence in graft-union formation,AXR1,Arabidopsis hypocotyl grafts,Supports auxin-response machinery during vascular regeneration.,Strong reconnection phenotype when rootstock is mutant.,Melnyk et al. (2015),A developmental framework for graft formation and vascular reconnection in Arabidopsis thaliana,Current Biology 25:1306-1318,
1,Functional evidence in graft-union formation,TIR1; AFB2; AFB3,Arabidopsis hypocotyl grafts,Auxin receptors upstream of AUX/IAA-ARF transcriptional responses.,Triple-mutant phenotype supports receptor-mediated auxin perception in phloem reconnection.,Melnyk et al. (2015),A developmental framework for graft formation and vascular reconnection in Arabidopsis thaliana,Current Biology 25:1306-1318,
1,Functional evidence in graft-union formation,IAA18,Arabidopsis hypocotyl grafts; tissue-specific manipulation,AUX/IAA regulation of auxin responses in procambium/phloem precursor domains.,Tested mutant and dominant-mutant expression impair reconnection; allele and expression domain matter.,Melnyk et al. (2015); Plant Physiology study (2024),A developmental framework for graft formation and vascular reconnection in Arabidopsis thaliana; Auxin signaling in the cambium promotes tissue adhesion and ...,Current Biology 25:1306-1318; Plant Physiology 196:754 onward,
1,Functional evidence in graft-union formation,BDL/IAA12,Arabidopsis grafting; tissue-specific manipulation,Dominant repression of auxin signaling disrupts cambial/provascular healing.,Allele-specific dominant inhibition; not a demonstrated natural incompatibility determinant.,Plant Physiology study (2024),Auxin signaling in the cambium promotes tissue adhesion and ...,Plant Physiology 196:754 onward,
2,Incompatibility-associated genes; predominantly associative evidence,ParPAL1; ParPAL2,Apricot/Prunus callus unions,Phenylalanine ammonia-lyase initiates phenylpropanoid metabolism; altered phenolic/lignin metabolism may interfere with integration.,Higher expression in incompatible unions; causality not established.,"Irisarri, Zhebentyayeva, Errea and Pina (2016)",Differential expression of phenylalanine ammonia lyase (PAL) genes implies distinct roles in development of graft incompatibility symptoms in Prunus,Scientia Horticulturae 204:16-24,10.1016/j.scienta.2016.03.025
2,Incompatibility-associated genes; predominantly associative evidence,UGP/UGPase,Prunus callus grafts,UDP-glucose pyrophosphorylase supplies UDP-glucose for carbohydrate metabolism and wall biosynthesis.,"Reduced transcript, protein and enzyme activity in incompatible combinations; enzyme-level candidate, not universally resolved locus.",Pina and Errea (2008),Influence of graft incompatibility on gene expression and enzymatic activity of UDP-glucose pyrophosphorylase,Plant Science,
2,Incompatibility-associated genes; predominantly associative evidence,Cu-ZnSOD1/3; APX3/6; CAT1/3,Pear/quince grafts,"ROS detoxification by superoxide dismutase, ascorbate peroxidase and catalase.","Expression suppression associated with incompatible unions; stage-dependent, not causal proof.",Irisarri et al. (2015),Pear/quince antioxidant-expression study (exact title not supplied in preceding table),Discussed in cited reviews,
2,Incompatibility-associated genes; predominantly associative evidence,EDS1; PAD4; SAG101 orthologs,Tomato/pepper grafts,Immune-signaling components associated with NLR-mediated defense and localized cell death.,Expression evidence; individual genes not shown to cause or rescue incompatibility.,Thomas et al. (2024),Graft incompatibility between pepper and tomato elicits an immune response and triggers localized cell death,Horticulture Research 11:uhae255,10.1093/hr/uhae255
2,Incompatibility-associated genes; predominantly associative evidence,PR1 orthologs,Tomato/pepper grafts,Salicylic-acid-responsive marker of sustained defense activation.,Response marker rather than demonstrated compatibility determinant.,Thomas et al. (2024),Graft incompatibility between pepper and tomato elicits an immune response and triggers localized cell death,Horticulture Research 11:uhae255,10.1093/hr/uhae255
2,Incompatibility-associated genes; predominantly associative evidence,WRKY70-like (Solyc03g095770; VIT_08s0058g01390),Tomato/pepper and grapevine datasets,Candidate regulator associated with salicylic-acid/jasmonate signaling integration.,Cross-system expression association; graft-specific causal mechanism untested.,Thomas et al. (2024); Assuncao et al. (2019),Graft incompatibility between pepper and tomato elicits an immune response and triggers localized cell death; grapevine study (exact title not supplied),Horticulture Research 11:uhae255,10.1093/hr/uhae255
2,Incompatibility-associated genes; predominantly associative evidence,ERF114-like (Solyc03g118190; CA03g31320),Tomato/pepper grafts,"Candidate associated with misdirected regeneration, ectopic xylem and adventitious rooting.",Persistent expression in incompatible grafts; functional graft validation lacking.,Thomas et al. (2024),Graft incompatibility between pepper and tomato elicits an immune response and triggers localized cell death,Horticulture Research 11:uhae255,10.1093/hr/uhae255
3,Wound reunion and cellular reprogramming; graft-relevant mechanisms,ANAC071; ANAC096,Arabidopsis incised stems; hypocotyl healing; VISUAL,"Promote cambium-like identity, proliferation and vascular regeneration; support PXY/TDR and WOX4 induction.",Detailed mechanism primarily established in incision and vascular-induction systems.,Matsuoka et al. (2021),Wound-inducible ANAC071 and ANAC096 transcription factors promote cambial cell formation in incised Arabidopsis flowering stems,,
3,Wound reunion and cellular reprogramming; graft-relevant mechanisms,XTH19; XTH20,Arabidopsis incised-stem repair,ANAC071 targets encoding xyloglucan endotransglucosylase/hydrolases; wall remodeling during reunion.,"Mechanistic evidence chiefly from stem repair, not heterograft compatibility.",Pitaksaringkarn et al. (2014); summarized by Ikeuchi et al. (2022),Primary title not supplied; Wound-inducible WUSCHEL-RELATED HOMEOBOX 13 is required for callus growth and organ reconnection,Plant Physiology 188:425-441 (secondary discussion),10.1093/plphys/kiab510 (secondary discussion)
3,Wound reunion and cellular reprogramming; graft-relevant mechanisms,WIND1; WIND2; WIND3,Arabidopsis wound regeneration and organ reconnection,WIND1 contributes to WOX13 induction; WOX13 directly activates WIND2/3 in a regenerative circuit.,Individual WIND genes differ in direct graft-specific validation.,Ikeuchi et al. (2022); earlier WIND studies cited therein,Wound-inducible WUSCHEL-RELATED HOMEOBOX 13 is required for callus growth and organ reconnection,Plant Physiology 188:425-441,10.1093/plphys/kiab510
